feature,importance
alcohol,0.2708683143436185
sulphates,0.14840565890119353
volatile acidity,0.11154663936447985
total sulfur dioxide,0.07678564827910654
chlorides,0.07113195656507873
pH,0.06141843743303209
residual sugar,0.05789180861290351
fixed acidity,0.053186369906438206
density,0.050816246759634046
citric acid,0.050752294281887524
free sulfur dioxide,0.04719662555262754
