feature,importance
alcohol,0.239099881966839
volatile acidity,0.12468133895337039
free sulfur dioxide,0.11853478487096307
pH,0.07057441138716344
residual sugar,0.06896336922031857
total sulfur dioxide,0.06883036266038264
sulphates,0.06319691199792304
chlorides,0.06277926189734977
fixed acidity,0.06236068566508198
density,0.06147486432431186
citric acid,0.05950412705629608
